depth,learning_rate,l2_leaf_reg,iterations,folds,cv_accuracy,fold_mean_accuracy,fold_std_accuracy,elapsed_seconds
8,0.05,5,800,2,0.8122627401357414,0.8122627641175431,0.00020847380238325774,1.5859204000007594
8,0.05,10,800,2,0.8096169331646152,0.8096167056830536,0.001977497215497226,1.6986163000001397
6,0.05,5,800,2,0.8091567928218106,0.8091568564617245,0.000553221771133261,1.0829906999970262
6,0.05,10,800,2,0.8084665823076038,0.8084669899982331,0.0035440546405151596,0.6904445000000123
